aa2,aa1,aa_blomap_aa1_dim1,aa_blomap_aa1_dim2,aa_blomap_aa1_dim3,aa_blomap_aa1_dim4,aa_blomap_aa1_dim5,aa_blomap_aa2_dim1,aa_blomap_aa2_dim2,aa_blomap_aa2_dim3,aa_blomap_aa2_dim4,aa_blomap_aa2_dim5
A,W,1.38,1.69,1.91,1.07,-0.05,-0.57,0.39,-0.96,-0.61,-0.69
A,P,-1.82,-0.63,0.32,0.03,0.68,-0.57,0.39,-0.96,-0.61,-0.69
A,R,-0.4,-0.83,-0.61,1.26,-0.28,-0.57,0.39,-0.96,-0.61,-0.69
A,M,0.76,0.05,0.06,-0.62,-1.59,-0.57,0.39,-0.96,-0.61,-0.69
A,T,-0.04,-0.3,-0.82,-1.02,-0.04,-0.57,0.39,-0.96,-0.61,-0.69
A,K,-0.64,-1.19,-0.65,0.68,-0.13,-0.57,0.39,-0.96,-0.61,-0.69
A,C,0.07,2.04,0.65,-1.13,-0.39,-0.57,0.39,-0.96,-0.61,-0.69
A,Q,-0.05,-1.5,-0.67,0.49,0.21,-0.57,0.39,-0.96,-0.61,-0.69
A,H,0.73,-0.67,-0.42,1.13,0.99,-0.57,0.39,-0.96,-0.61,-0.69
A,N,-0.7,-0.63,-1.47,1.02,1.06,-0.57,0.39,-0.96,-0.61,-0.69
A,F,1.87,1.04,1.28,-0.61,-0.16,-0.57,0.39,-0.96,-0.61,-0.69
A,L,0.65,0.84,1.25,-0.99,-1.9,-0.57,0.39,-0.96,-0.61,-0.69
A,D,-1.62,-0.52,-0.67,1.02,1.47,-0.57,0.39,-0.96,-0.61,-0.69
A,Y,1.75,0.11,0.65,0.21,-0.41,-0.57,0.39,-0.96,-0.61,-0.69
A,I,0.59,0.79,1.44,-1.9,-0.93,-0.57,0.39,-0.96,-0.61,-0.69
A,V,-0.02,0.3,0.97,-1.55,-1.16,-0.57,0.39,-0.96,-0.61,-0.69
A,G,-0.9,0.87,-0.36,1.08,1.95,-0.57,0.39,-0.96,-0.61,-0.69
A,S,-0.39,-0.27,-1.51,-0.25,0.31,-0.57,0.39,-0.96,-0.61,-0.69
A,E,-0.64,-1.59,-0.39,0.69,1.04,-0.57,0.39,-0.96,-0.61,-0.69
C,A,-0.57,0.39,-0.96,-0.61,-0.69,0.07,2.04,0.65,-1.13,-0.39
C,Y,1.75,0.11,0.65,0.21,-0.41,0.07,2.04,0.65,-1.13,-0.39
C,V,-0.02,0.3,0.97,-1.55,-1.16,0.07,2.04,0.65,-1.13,-0.39
C,G,-0.9,0.87,-0.36,1.08,1.95,0.07,2.04,0.65,-1.13,-0.39
C,S,-0.39,-0.27,-1.51,-0.25,0.31,0.07,2.04,0.65,-1.13,-0.39
C,E,-0.64,-1.59,-0.39,0.69,1.04,0.07,2.04,0.65,-1.13,-0.39
C,Q,-0.05,-1.5,-0.67,0.49,0.21,0.07,2.04,0.65,-1.13,-0.39
C,L,0.65,0.84,1.25,-0.99,-1.9,0.07,2.04,0.65,-1.13,-0.39
C,W,1.38,1.69,1.91,1.07,-0.05,0.07,2.04,0.65,-1.13,-0.39
C,N,-0.7,-0.63,-1.47,1.02,1.06,0.07,2.04,0.65,-1.13,-0.39
C,T,-0.04,-0.3,-0.82,-1.02,-0.04,0.07,2.04,0.65,-1.13,-0.39
C,P,-1.82,-0.63,0.32,0.03,0.68,0.07,2.04,0.65,-1.13,-0.39
C,R,-0.4,-0.83,-0.61,1.26,-0.28,0.07,2.04,0.65,-1.13,-0.39
C,I,0.59,0.79,1.44,-1.9,-0.93,0.07,2.04,0.65,-1.13,-0.39
C,H,0.73,-0.67,-0.42,1.13,0.99,0.07,2.04,0.65,-1.13,-0.39
C,K,-0.64,-1.19,-0.65,0.68,-0.13,0.07,2.04,0.65,-1.13,-0.39
C,F,1.87,1.04,1.28,-0.61,-0.16,0.07,2.04,0.65,-1.13,-0.39
C,M,0.76,0.05,0.06,-0.62,-1.59,0.07,2.04,0.65,-1.13,-0.39
C,D,-1.62,-0.52,-0.67,1.02,1.47,0.07,2.04,0.65,-1.13,-0.39
D,Q,-0.05,-1.5,-0.67,0.49,0.21,-1.62,-0.52,-0.67,1.02,1.47
D,V,-0.02,0.3,0.97,-1.55,-1.16,-1.62,-0.52,-0.67,1.02,1.47
D,L,0.65,0.84,1.25,-0.99,-1.9,-1.62,-0.52,-0.67,1.02,1.47
D,A,-0.57,0.39,-0.96,-0.61,-0.69,-1.62,-0.52,-0.67,1.02,1.47
D,N,-0.7,-0.63,-1.47,1.02,1.06,-1.62,-0.52,-0.67,1.02,1.47
D,C,0.07,2.04,0.65,-1.13,-0.39,-1.62,-0.52,-0.67,1.02,1.47
D,P,-1.82,-0.63,0.32,0.03,0.68,-1.62,-0.52,-0.67,1.02,1.47
D,S,-0.39,-0.27,-1.51,-0.25,0.31,-1.62,-0.52,-0.67,1.02,1.47
D,I,0.59,0.79,1.44,-1.9,-0.93,-1.62,-0.52,-0.67,1.02,1.47
D,Y,1.75,0.11,0.65,0.21,-0.41,-1.62,-0.52,-0.67,1.02,1.47
D,K,-0.64,-1.19,-0.65,0.68,-0.13,-1.62,-0.52,-0.67,1.02,1.47
D,G,-0.9,0.87,-0.36,1.08,1.95,-1.62,-0.52,-0.67,1.02,1.47
D,M,0.76,0.05,0.06,-0.62,-1.59,-1.62,-0.52,-0.67,1.02,1.47
D,E,-0.64,-1.59,-0.39,0.69,1.04,-1.62,-0.52,-0.67,1.02,1.47
D,T,-0.04,-0.3,-0.82,-1.02,-0.04,-1.62,-0.52,-0.67,1.02,1.47
D,F,1.87,1.04,1.28,-0.61,-0.16,-1.62,-0.52,-0.67,1.02,1.47
D,W,1.38,1.69,1.91,1.07,-0.05,-1.62,-0.52,-0.67,1.02,1.47
D,H,0.73,-0.67,-0.42,1.13,0.99,-1.62,-0.52,-0.67,1.02,1.47
D,R,-0.4,-0.83,-0.61,1.26,-0.28,-1.62,-0.52,-0.67,1.02,1.47
E,Q,-0.05,-1.5,-0.67,0.49,0.21,-0.64,-1.59,-0.39,0.69,1.04
E,K,-0.64,-1.19,-0.65,0.68,-0.13,-0.64,-1.59,-0.39,0.69,1.04
E,R,-0.4,-0.83,-0.61,1.26,-0.28,-0.64,-1.59,-0.39,0.69,1.04
E,I,0.59,0.79,1.44,-1.9,-0.93,-0.64,-1.59,-0.39,0.69,1.04
E,A,-0.57,0.39,-0.96,-0.61,-0.69,-0.64,-1.59,-0.39,0.69,1.04
E,Y,1.75,0.11,0.65,0.21,-0.41,-0.64,-1.59,-0.39,0.69,1.04
E,V,-0.02,0.3,0.97,-1.55,-1.16,-0.64,-1.59,-0.39,0.69,1.04
E,G,-0.9,0.87,-0.36,1.08,1.95,-0.64,-1.59,-0.39,0.69,1.04
E,S,-0.39,-0.27,-1.51,-0.25,0.31,-0.64,-1.59,-0.39,0.69,1.04
E,N,-0.7,-0.63,-1.47,1.02,1.06,-0.64,-1.59,-0.39,0.69,1.04
E,C,0.07,2.04,0.65,-1.13,-0.39,-0.64,-1.59,-0.39,0.69,1.04
E,L,0.65,0.84,1.25,-0.99,-1.9,-0.64,-1.59,-0.39,0.69,1.04
E,W,1.38,1.69,1.91,1.07,-0.05,-0.64,-1.59,-0.39,0.69,1.04
E,M,0.76,0.05,0.06,-0.62,-1.59,-0.64,-1.59,-0.39,0.69,1.04
E,T,-0.04,-0.3,-0.82,-1.02,-0.04,-0.64,-1.59,-0.39,0.69,1.04
E,P,-1.82,-0.63,0.32,0.03,0.68,-0.64,-1.59,-0.39,0.69,1.04
E,D,-1.62,-0.52,-0.67,1.02,1.47,-0.64,-1.59,-0.39,0.69,1.04
E,H,0.73,-0.67,-0.42,1.13,0.99,-0.64,-1.59,-0.39,0.69,1.04
E,F,1.87,1.04,1.28,-0.61,-0.16,-0.64,-1.59,-0.39,0.69,1.04
F,S,-0.39,-0.27,-1.51,-0.25,0.31,1.87,1.04,1.28,-0.61,-0.16
F,Q,-0.05,-1.5,-0.67,0.49,0.21,1.87,1.04,1.28,-0.61,-0.16
F,R,-0.4,-0.83,-0.61,1.26,-0.28,1.87,1.04,1.28,-0.61,-0.16
F,A,-0.57,0.39,-0.96,-0.61,-0.69,1.87,1.04,1.28,-0.61,-0.16
F,N,-0.7,-0.63,-1.47,1.02,1.06,1.87,1.04,1.28,-0.61,-0.16
F,V,-0.02,0.3,0.97,-1.55,-1.16,1.87,1.04,1.28,-0.61,-0.16
F,L,0.65,0.84,1.25,-0.99,-1.9,1.87,1.04,1.28,-0.61,-0.16
F,E,-0.64,-1.59,-0.39,0.69,1.04,1.87,1.04,1.28,-0.61,-0.16
F,I,0.59,0.79,1.44,-1.9,-0.93,1.87,1.04,1.28,-0.61,-0.16
F,C,0.07,2.04,0.65,-1.13,-0.39,1.87,1.04,1.28,-0.61,-0.16
F,P,-1.82,-0.63,0.32,0.03,0.68,1.87,1.04,1.28,-0.61,-0.16
F,D,-1.62,-0.52,-0.67,1.02,1.47,1.87,1.04,1.28,-0.61,-0.16
F,M,0.76,0.05,0.06,-0.62,-1.59,1.87,1.04,1.28,-0.61,-0.16
F,Y,1.75,0.11,0.65,0.21,-0.41,1.87,1.04,1.28,-0.61,-0.16
F,K,-0.64,-1.19,-0.65,0.68,-0.13,1.87,1.04,1.28,-0.61,-0.16
F,G,-0.9,0.87,-0.36,1.08,1.95,1.87,1.04,1.28,-0.61,-0.16
F,W,1.38,1.69,1.91,1.07,-0.05,1.87,1.04,1.28,-0.61,-0.16
F,H,0.73,-0.67,-0.42,1.13,0.99,1.87,1.04,1.28,-0.61,-0.16
F,T,-0.04,-0.3,-0.82,-1.02,-0.04,1.87,1.04,1.28,-0.61,-0.16
G,K,-0.64,-1.19,-0.65,0.68,-0.13,-0.9,0.87,-0.36,1.08,1.95
G,S,-0.39,-0.27,-1.51,-0.25,0.31,-0.9,0.87,-0.36,1.08,1.95
G,M,0.76,0.05,0.06,-0.62,-1.59,-0.9,0.87,-0.36,1.08,1.95
G,Q,-0.05,-1.5,-0.67,0.49,0.21,-0.9,0.87,-0.36,1.08,1.95
G,T,-0.04,-0.3,-0.82,-1.02,-0.04,-0.9,0.87,-0.36,1.08,1.95
G,L,0.65,0.84,1.25,-0.99,-1.9,-0.9,0.87,-0.36,1.08,1.95
G,R,-0.4,-0.83,-0.61,1.26,-0.28,-0.9,0.87,-0.36,1.08,1.95
G,I,0.59,0.79,1.44,-1.9,-0.93,-0.9,0.87,-0.36,1.08,1.95
G,A,-0.57,0.39,-0.96,-0.61,-0.69,-0.9,0.87,-0.36,1.08,1.95
G,Y,1.75,0.11,0.65,0.21,-0.41,-0.9,0.87,-0.36,1.08,1.95
G,V,-0.02,0.3,0.97,-1.55,-1.16,-0.9,0.87,-0.36,1.08,1.95
G,P,-1.82,-0.63,0.32,0.03,0.68,-0.9,0.87,-0.36,1.08,1.95
G,E,-0.64,-1.59,-0.39,0.69,1.04,-0.9,0.87,-0.36,1.08,1.95
G,N,-0.7,-0.63,-1.47,1.02,1.06,-0.9,0.87,-0.36,1.08,1.95
G,C,0.07,2.04,0.65,-1.13,-0.39,-0.9,0.87,-0.36,1.08,1.95
G,W,1.38,1.69,1.91,1.07,-0.05,-0.9,0.87,-0.36,1.08,1.95
G,F,1.87,1.04,1.28,-0.61,-0.16,-0.9,0.87,-0.36,1.08,1.95
G,D,-1.62,-0.52,-0.67,1.02,1.47,-0.9,0.87,-0.36,1.08,1.95
G,H,0.73,-0.67,-0.42,1.13,0.99,-0.9,0.87,-0.36,1.08,1.95
H,V,-0.02,0.3,0.97,-1.55,-1.16,0.73,-0.67,-0.42,1.13,0.99
H,S,-0.39,-0.27,-1.51,-0.25,0.31,0.73,-0.67,-0.42,1.13,0.99
H,Q,-0.05,-1.5,-0.67,0.49,0.21,0.73,-0.67,-0.42,1.13,0.99
H,R,-0.4,-0.83,-0.61,1.26,-0.28,0.73,-0.67,-0.42,1.13,0.99
H,T,-0.04,-0.3,-0.82,-1.02,-0.04,0.73,-0.67,-0.42,1.13,0.99
H,G,-0.9,0.87,-0.36,1.08,1.95,0.73,-0.67,-0.42,1.13,0.99
H,L,0.65,0.84,1.25,-0.99,-1.9,0.73,-0.67,-0.42,1.13,0.99
H,A,-0.57,0.39,-0.96,-0.61,-0.69,0.73,-0.67,-0.42,1.13,0.99
H,N,-0.7,-0.63,-1.47,1.02,1.06,0.73,-0.67,-0.42,1.13,0.99
H,C,0.07,2.04,0.65,-1.13,-0.39,0.73,-0.67,-0.42,1.13,0.99
H,P,-1.82,-0.63,0.32,0.03,0.68,0.73,-0.67,-0.42,1.13,0.99
H,E,-0.64,-1.59,-0.39,0.69,1.04,0.73,-0.67,-0.42,1.13,0.99
H,I,0.59,0.79,1.44,-1.9,-0.93,0.73,-0.67,-0.42,1.13,0.99
H,F,1.87,1.04,1.28,-0.61,-0.16,0.73,-0.67,-0.42,1.13,0.99
H,K,-0.64,-1.19,-0.65,0.68,-0.13,0.73,-0.67,-0.42,1.13,0.99
H,D,-1.62,-0.52,-0.67,1.02,1.47,0.73,-0.67,-0.42,1.13,0.99
H,M,0.76,0.05,0.06,-0.62,-1.59,0.73,-0.67,-0.42,1.13,0.99
H,Y,1.75,0.11,0.65,0.21,-0.41,0.73,-0.67,-0.42,1.13,0.99
H,W,1.38,1.69,1.91,1.07,-0.05,0.73,-0.67,-0.42,1.13,0.99
I,V,-0.02,0.3,0.97,-1.55,-1.16,0.59,0.79,1.44,-1.9,-0.93
I,P,-1.82,-0.63,0.32,0.03,0.68,0.59,0.79,1.44,-1.9,-0.93
I,M,0.76,0.05,0.06,-0.62,-1.59,0.59,0.79,1.44,-1.9,-0.93
I,Q,-0.05,-1.5,-0.67,0.49,0.21,0.59,0.79,1.44,-1.9,-0.93
I,K,-0.64,-1.19,-0.65,0.68,-0.13,0.59,0.79,1.44,-1.9,-0.93
I,S,-0.39,-0.27,-1.51,-0.25,0.31,0.59,0.79,1.44,-1.9,-0.93
I,W,1.38,1.69,1.91,1.07,-0.05,0.59,0.79,1.44,-1.9,-0.93
I,N,-0.7,-0.63,-1.47,1.02,1.06,0.59,0.79,1.44,-1.9,-0.93
I,T,-0.04,-0.3,-0.82,-1.02,-0.04,0.59,0.79,1.44,-1.9,-0.93
I,L,0.65,0.84,1.25,-0.99,-1.9,0.59,0.79,1.44,-1.9,-0.93
I,R,-0.4,-0.83,-0.61,1.26,-0.28,0.59,0.79,1.44,-1.9,-0.93
I,G,-0.9,0.87,-0.36,1.08,1.95,0.59,0.79,1.44,-1.9,-0.93
I,Y,1.75,0.11,0.65,0.21,-0.41,0.59,0.79,1.44,-1.9,-0.93
I,A,-0.57,0.39,-0.96,-0.61,-0.69,0.59,0.79,1.44,-1.9,-0.93
I,C,0.07,2.04,0.65,-1.13,-0.39,0.59,0.79,1.44,-1.9,-0.93
I,E,-0.64,-1.59,-0.39,0.69,1.04,0.59,0.79,1.44,-1.9,-0.93
I,F,1.87,1.04,1.28,-0.61,-0.16,0.59,0.79,1.44,-1.9,-0.93
I,H,0.73,-0.67,-0.42,1.13,0.99,0.59,0.79,1.44,-1.9,-0.93
I,D,-1.62,-0.52,-0.67,1.02,1.47,0.59,0.79,1.44,-1.9,-0.93
K,A,-0.57,0.39,-0.96,-0.61,-0.69,-0.64,-1.19,-0.65,0.68,-0.13
K,V,-0.02,0.3,0.97,-1.55,-1.16,-0.64,-1.19,-0.65,0.68,-0.13
K,S,-0.39,-0.27,-1.51,-0.25,0.31,-0.64,-1.19,-0.65,0.68,-0.13
K,Q,-0.05,-1.5,-0.67,0.49,0.21,-0.64,-1.19,-0.65,0.68,-0.13
K,W,1.38,1.69,1.91,1.07,-0.05,-0.64,-1.19,-0.65,0.68,-0.13
K,I,0.59,0.79,1.44,-1.9,-0.93,-0.64,-1.19,-0.65,0.68,-0.13
K,T,-0.04,-0.3,-0.82,-1.02,-0.04,-0.64,-1.19,-0.65,0.68,-0.13
K,R,-0.4,-0.83,-0.61,1.26,-0.28,-0.64,-1.19,-0.65,0.68,-0.13
K,E,-0.64,-1.59,-0.39,0.69,1.04,-0.64,-1.19,-0.65,0.68,-0.13
K,Y,1.75,0.11,0.65,0.21,-0.41,-0.64,-1.19,-0.65,0.68,-0.13
K,G,-0.9,0.87,-0.36,1.08,1.95,-0.64,-1.19,-0.65,0.68,-0.13
K,L,0.65,0.84,1.25,-0.99,-1.9,-0.64,-1.19,-0.65,0.68,-0.13
K,H,0.73,-0.67,-0.42,1.13,0.99,-0.64,-1.19,-0.65,0.68,-0.13
K,N,-0.7,-0.63,-1.47,1.02,1.06,-0.64,-1.19,-0.65,0.68,-0.13
K,C,0.07,2.04,0.65,-1.13,-0.39,-0.64,-1.19,-0.65,0.68,-0.13
K,P,-1.82,-0.63,0.32,0.03,0.68,-0.64,-1.19,-0.65,0.68,-0.13
K,D,-1.62,-0.52,-0.67,1.02,1.47,-0.64,-1.19,-0.65,0.68,-0.13
K,M,0.76,0.05,0.06,-0.62,-1.59,-0.64,-1.19,-0.65,0.68,-0.13
K,F,1.87,1.04,1.28,-0.61,-0.16,-0.64,-1.19,-0.65,0.68,-0.13
L,V,-0.02,0.3,0.97,-1.55,-1.16,0.65,0.84,1.25,-0.99,-1.9
L,I,0.59,0.79,1.44,-1.9,-0.93,0.65,0.84,1.25,-0.99,-1.9
L,S,-0.39,-0.27,-1.51,-0.25,0.31,0.65,0.84,1.25,-0.99,-1.9
L,A,-0.57,0.39,-0.96,-0.61,-0.69,0.65,0.84,1.25,-0.99,-1.9
L,Q,-0.05,-1.5,-0.67,0.49,0.21,0.65,0.84,1.25,-0.99,-1.9
L,P,-1.82,-0.63,0.32,0.03,0.68,0.65,0.84,1.25,-0.99,-1.9
L,R,-0.4,-0.83,-0.61,1.26,-0.28,0.65,0.84,1.25,-0.99,-1.9
L,M,0.76,0.05,0.06,-0.62,-1.59,0.65,0.84,1.25,-0.99,-1.9
L,K,-0.64,-1.19,-0.65,0.68,-0.13,0.65,0.84,1.25,-0.99,-1.9
L,C,0.07,2.04,0.65,-1.13,-0.39,0.65,0.84,1.25,-0.99,-1.9
L,F,1.87,1.04,1.28,-0.61,-0.16,0.65,0.84,1.25,-0.99,-1.9
L,W,1.38,1.69,1.91,1.07,-0.05,0.65,0.84,1.25,-0.99,-1.9
L,N,-0.7,-0.63,-1.47,1.02,1.06,0.65,0.84,1.25,-0.99,-1.9
L,T,-0.04,-0.3,-0.82,-1.02,-0.04,0.65,0.84,1.25,-0.99,-1.9
L,D,-1.62,-0.52,-0.67,1.02,1.47,0.65,0.84,1.25,-0.99,-1.9
L,Y,1.75,0.11,0.65,0.21,-0.41,0.65,0.84,1.25,-0.99,-1.9
L,G,-0.9,0.87,-0.36,1.08,1.95,0.65,0.84,1.25,-0.99,-1.9
L,E,-0.64,-1.59,-0.39,0.69,1.04,0.65,0.84,1.25,-0.99,-1.9
L,H,0.73,-0.67,-0.42,1.13,0.99,0.65,0.84,1.25,-0.99,-1.9
M,Q,-0.05,-1.5,-0.67,0.49,0.21,0.76,0.05,0.06,-0.62,-1.59
M,R,-0.4,-0.83,-0.61,1.26,-0.28,0.76,0.05,0.06,-0.62,-1.59
M,A,-0.57,0.39,-0.96,-0.61,-0.69,0.76,0.05,0.06,-0.62,-1.59
M,V,-0.02,0.3,0.97,-1.55,-1.16,0.76,0.05,0.06,-0.62,-1.59
M,S,-0.39,-0.27,-1.51,-0.25,0.31,0.76,0.05,0.06,-0.62,-1.59
M,K,-0.64,-1.19,-0.65,0.68,-0.13,0.76,0.05,0.06,-0.62,-1.59
M,C,0.07,2.04,0.65,-1.13,-0.39,0.76,0.05,0.06,-0.62,-1.59
M,W,1.38,1.69,1.91,1.07,-0.05,0.76,0.05,0.06,-0.62,-1.59
M,L,0.65,0.84,1.25,-0.99,-1.9,0.76,0.05,0.06,-0.62,-1.59
M,T,-0.04,-0.3,-0.82,-1.02,-0.04,0.76,0.05,0.06,-0.62,-1.59
M,G,-0.9,0.87,-0.36,1.08,1.95,0.76,0.05,0.06,-0.62,-1.59
M,I,0.59,0.79,1.44,-1.9,-0.93,0.76,0.05,0.06,-0.62,-1.59
M,E,-0.64,-1.59,-0.39,0.69,1.04,0.76,0.05,0.06,-0.62,-1.59
M,Y,1.75,0.11,0.65,0.21,-0.41,0.76,0.05,0.06,-0.62,-1.59
M,F,1.87,1.04,1.28,-0.61,-0.16,0.76,0.05,0.06,-0.62,-1.59
M,P,-1.82,-0.63,0.32,0.03,0.68,0.76,0.05,0.06,-0.62,-1.59
M,H,0.73,-0.67,-0.42,1.13,0.99,0.76,0.05,0.06,-0.62,-1.59
M,N,-0.7,-0.63,-1.47,1.02,1.06,0.76,0.05,0.06,-0.62,-1.59
M,D,-1.62,-0.52,-0.67,1.02,1.47,0.76,0.05,0.06,-0.62,-1.59
N,L,0.65,0.84,1.25,-0.99,-1.9,-0.7,-0.63,-1.47,1.02,1.06
N,V,-0.02,0.3,0.97,-1.55,-1.16,-0.7,-0.63,-1.47,1.02,1.06
N,S,-0.39,-0.27,-1.51,-0.25,0.31,-0.7,-0.63,-1.47,1.02,1.06
N,K,-0.64,-1.19,-0.65,0.68,-0.13,-0.7,-0.63,-1.47,1.02,1.06
N,Q,-0.05,-1.5,-0.67,0.49,0.21,-0.7,-0.63,-1.47,1.02,1.06
N,I,0.59,0.79,1.44,-1.9,-0.93,-0.7,-0.63,-1.47,1.02,1.06
N,R,-0.4,-0.83,-0.61,1.26,-0.28,-0.7,-0.63,-1.47,1.02,1.06
N,A,-0.57,0.39,-0.96,-0.61,-0.69,-0.7,-0.63,-1.47,1.02,1.06
N,T,-0.04,-0.3,-0.82,-1.02,-0.04,-0.7,-0.63,-1.47,1.02,1.06
N,P,-1.82,-0.63,0.32,0.03,0.68,-0.7,-0.63,-1.47,1.02,1.06
N,M,0.76,0.05,0.06,-0.62,-1.59,-0.7,-0.63,-1.47,1.02,1.06
N,E,-0.64,-1.59,-0.39,0.69,1.04,-0.7,-0.63,-1.47,1.02,1.06
N,H,0.73,-0.67,-0.42,1.13,0.99,-0.7,-0.63,-1.47,1.02,1.06
N,C,0.07,2.04,0.65,-1.13,-0.39,-0.7,-0.63,-1.47,1.02,1.06
N,W,1.38,1.69,1.91,1.07,-0.05,-0.7,-0.63,-1.47,1.02,1.06
N,F,1.87,1.04,1.28,-0.61,-0.16,-0.7,-0.63,-1.47,1.02,1.06
N,D,-1.62,-0.52,-0.67,1.02,1.47,-0.7,-0.63,-1.47,1.02,1.06
N,Y,1.75,0.11,0.65,0.21,-0.41,-0.7,-0.63,-1.47,1.02,1.06
N,G,-0.9,0.87,-0.36,1.08,1.95,-0.7,-0.63,-1.47,1.02,1.06
P,Q,-0.05,-1.5,-0.67,0.49,0.21,-1.82,-0.63,0.32,0.03,0.68
P,S,-0.39,-0.27,-1.51,-0.25,0.31,-1.82,-0.63,0.32,0.03,0.68
P,T,-0.04,-0.3,-0.82,-1.02,-0.04,-1.82,-0.63,0.32,0.03,0.68
P,R,-0.4,-0.83,-0.61,1.26,-0.28,-1.82,-0.63,0.32,0.03,0.68
P,A,-0.57,0.39,-0.96,-0.61,-0.69,-1.82,-0.63,0.32,0.03,0.68
P,V,-0.02,0.3,0.97,-1.55,-1.16,-1.82,-0.63,0.32,0.03,0.68
P,M,0.76,0.05,0.06,-0.62,-1.59,-1.82,-0.63,0.32,0.03,0.68
P,E,-0.64,-1.59,-0.39,0.69,1.04,-1.82,-0.63,0.32,0.03,0.68
P,K,-0.64,-1.19,-0.65,0.68,-0.13,-1.82,-0.63,0.32,0.03,0.68
P,C,0.07,2.04,0.65,-1.13,-0.39,-1.82,-0.63,0.32,0.03,0.68
P,N,-0.7,-0.63,-1.47,1.02,1.06,-1.82,-0.63,0.32,0.03,0.68
P,W,1.38,1.69,1.91,1.07,-0.05,-1.82,-0.63,0.32,0.03,0.68
P,H,0.73,-0.67,-0.42,1.13,0.99,-1.82,-0.63,0.32,0.03,0.68
P,L,0.65,0.84,1.25,-0.99,-1.9,-1.82,-0.63,0.32,0.03,0.68
P,G,-0.9,0.87,-0.36,1.08,1.95,-1.82,-0.63,0.32,0.03,0.68
P,I,0.59,0.79,1.44,-1.9,-0.93,-1.82,-0.63,0.32,0.03,0.68
P,D,-1.62,-0.52,-0.67,1.02,1.47,-1.82,-0.63,0.32,0.03,0.68
P,Y,1.75,0.11,0.65,0.21,-0.41,-1.82,-0.63,0.32,0.03,0.68
P,F,1.87,1.04,1.28,-0.61,-0.16,-1.82,-0.63,0.32,0.03,0.68
Q,V,-0.02,0.3,0.97,-1.55,-1.16,-0.05,-1.5,-0.67,0.49,0.21
Q,N,-0.7,-0.63,-1.47,1.02,1.06,-0.05,-1.5,-0.67,0.49,0.21
Q,S,-0.39,-0.27,-1.51,-0.25,0.31,-0.05,-1.5,-0.67,0.49,0.21
Q,L,0.65,0.84,1.25,-0.99,-1.9,-0.05,-1.5,-0.67,0.49,0.21
Q,C,0.07,2.04,0.65,-1.13,-0.39,-0.05,-1.5,-0.67,0.49,0.21
Q,I,0.59,0.79,1.44,-1.9,-0.93,-0.05,-1.5,-0.67,0.49,0.21
Q,W,1.38,1.69,1.91,1.07,-0.05,-0.05,-1.5,-0.67,0.49,0.21
Q,K,-0.64,-1.19,-0.65,0.68,-0.13,-0.05,-1.5,-0.67,0.49,0.21
Q,T,-0.04,-0.3,-0.82,-1.02,-0.04,-0.05,-1.5,-0.67,0.49,0.21
Q,M,0.76,0.05,0.06,-0.62,-1.59,-0.05,-1.5,-0.67,0.49,0.21
Q,R,-0.4,-0.83,-0.61,1.26,-0.28,-0.05,-1.5,-0.67,0.49,0.21
Q,A,-0.57,0.39,-0.96,-0.61,-0.69,-0.05,-1.5,-0.67,0.49,0.21
Q,P,-1.82,-0.63,0.32,0.03,0.68,-0.05,-1.5,-0.67,0.49,0.21
Q,G,-0.9,0.87,-0.36,1.08,1.95,-0.05,-1.5,-0.67,0.49,0.21
Q,E,-0.64,-1.59,-0.39,0.69,1.04,-0.05,-1.5,-0.67,0.49,0.21
Q,F,1.87,1.04,1.28,-0.61,-0.16,-0.05,-1.5,-0.67,0.49,0.21
Q,H,0.73,-0.67,-0.42,1.13,0.99,-0.05,-1.5,-0.67,0.49,0.21
Q,Y,1.75,0.11,0.65,0.21,-0.41,-0.05,-1.5,-0.67,0.49,0.21
Q,D,-1.62,-0.52,-0.67,1.02,1.47,-0.05,-1.5,-0.67,0.49,0.21
R,V,-0.02,0.3,0.97,-1.55,-1.16,-0.4,-0.83,-0.61,1.26,-0.28
R,S,-0.39,-0.27,-1.51,-0.25,0.31,-0.4,-0.83,-0.61,1.26,-0.28
R,E,-0.64,-1.59,-0.39,0.69,1.04,-0.4,-0.83,-0.61,1.26,-0.28
R,W,1.38,1.69,1.91,1.07,-0.05,-0.4,-0.83,-0.61,1.26,-0.28
R,T,-0.04,-0.3,-0.82,-1.02,-0.04,-0.4,-0.83,-0.61,1.26,-0.28
R,L,0.65,0.84,1.25,-0.99,-1.9,-0.4,-0.83,-0.61,1.26,-0.28
R,Q,-0.05,-1.5,-0.67,0.49,0.21,-0.4,-0.83,-0.61,1.26,-0.28
R,Y,1.75,0.11,0.65,0.21,-0.41,-0.4,-0.83,-0.61,1.26,-0.28
R,A,-0.57,0.39,-0.96,-0.61,-0.69,-0.4,-0.83,-0.61,1.26,-0.28
R,P,-1.82,-0.63,0.32,0.03,0.68,-0.4,-0.83,-0.61,1.26,-0.28
R,G,-0.9,0.87,-0.36,1.08,1.95,-0.4,-0.83,-0.61,1.26,-0.28
R,M,0.76,0.05,0.06,-0.62,-1.59,-0.4,-0.83,-0.61,1.26,-0.28
R,N,-0.7,-0.63,-1.47,1.02,1.06,-0.4,-0.83,-0.61,1.26,-0.28
R,K,-0.64,-1.19,-0.65,0.68,-0.13,-0.4,-0.83,-0.61,1.26,-0.28
R,C,0.07,2.04,0.65,-1.13,-0.39,-0.4,-0.83,-0.61,1.26,-0.28
R,I,0.59,0.79,1.44,-1.9,-0.93,-0.4,-0.83,-0.61,1.26,-0.28
R,H,0.73,-0.67,-0.42,1.13,0.99,-0.4,-0.83,-0.61,1.26,-0.28
R,F,1.87,1.04,1.28,-0.61,-0.16,-0.4,-0.83,-0.61,1.26,-0.28
R,D,-1.62,-0.52,-0.67,1.02,1.47,-0.4,-0.83,-0.61,1.26,-0.28
S,C,0.07,2.04,0.65,-1.13,-0.39,-0.39,-0.27,-1.51,-0.25,0.31
S,L,0.65,0.84,1.25,-0.99,-1.9,-0.39,-0.27,-1.51,-0.25,0.31
S,Q,-0.05,-1.5,-0.67,0.49,0.21,-0.39,-0.27,-1.51,-0.25,0.31
S,A,-0.57,0.39,-0.96,-0.61,-0.69,-0.39,-0.27,-1.51,-0.25,0.31
S,P,-1.82,-0.63,0.32,0.03,0.68,-0.39,-0.27,-1.51,-0.25,0.31
S,V,-0.02,0.3,0.97,-1.55,-1.16,-0.39,-0.27,-1.51,-0.25,0.31
S,N,-0.7,-0.63,-1.47,1.02,1.06,-0.39,-0.27,-1.51,-0.25,0.31
S,E,-0.64,-1.59,-0.39,0.69,1.04,-0.39,-0.27,-1.51,-0.25,0.31
S,K,-0.64,-1.19,-0.65,0.68,-0.13,-0.39,-0.27,-1.51,-0.25,0.31
S,T,-0.04,-0.3,-0.82,-1.02,-0.04,-0.39,-0.27,-1.51,-0.25,0.31
S,I,0.59,0.79,1.44,-1.9,-0.93,-0.39,-0.27,-1.51,-0.25,0.31
S,W,1.38,1.69,1.91,1.07,-0.05,-0.39,-0.27,-1.51,-0.25,0.31
S,R,-0.4,-0.83,-0.61,1.26,-0.28,-0.39,-0.27,-1.51,-0.25,0.31
S,Y,1.75,0.11,0.65,0.21,-0.41,-0.39,-0.27,-1.51,-0.25,0.31
S,M,0.76,0.05,0.06,-0.62,-1.59,-0.39,-0.27,-1.51,-0.25,0.31
S,D,-1.62,-0.52,-0.67,1.02,1.47,-0.39,-0.27,-1.51,-0.25,0.31
S,H,0.73,-0.67,-0.42,1.13,0.99,-0.39,-0.27,-1.51,-0.25,0.31
S,G,-0.9,0.87,-0.36,1.08,1.95,-0.39,-0.27,-1.51,-0.25,0.31
S,F,1.87,1.04,1.28,-0.61,-0.16,-0.39,-0.27,-1.51,-0.25,0.31
T,Q,-0.05,-1.5,-0.67,0.49,0.21,-0.04,-0.3,-0.82,-1.02,-0.04
T,V,-0.02,0.3,0.97,-1.55,-1.16,-0.04,-0.3,-0.82,-1.02,-0.04
T,I,0.59,0.79,1.44,-1.9,-0.93,-0.04,-0.3,-0.82,-1.02,-0.04
T,M,0.76,0.05,0.06,-0.62,-1.59,-0.04,-0.3,-0.82,-1.02,-0.04
T,C,0.07,2.04,0.65,-1.13,-0.39,-0.04,-0.3,-0.82,-1.02,-0.04
T,S,-0.39,-0.27,-1.51,-0.25,0.31,-0.04,-0.3,-0.82,-1.02,-0.04
T,W,1.38,1.69,1.91,1.07,-0.05,-0.04,-0.3,-0.82,-1.02,-0.04
T,K,-0.64,-1.19,-0.65,0.68,-0.13,-0.04,-0.3,-0.82,-1.02,-0.04
T,Y,1.75,0.11,0.65,0.21,-0.41,-0.04,-0.3,-0.82,-1.02,-0.04
T,R,-0.4,-0.83,-0.61,1.26,-0.28,-0.04,-0.3,-0.82,-1.02,-0.04
T,D,-1.62,-0.52,-0.67,1.02,1.47,-0.04,-0.3,-0.82,-1.02,-0.04
T,A,-0.57,0.39,-0.96,-0.61,-0.69,-0.04,-0.3,-0.82,-1.02,-0.04
T,E,-0.64,-1.59,-0.39,0.69,1.04,-0.04,-0.3,-0.82,-1.02,-0.04
T,P,-1.82,-0.63,0.32,0.03,0.68,-0.04,-0.3,-0.82,-1.02,-0.04
T,G,-0.9,0.87,-0.36,1.08,1.95,-0.04,-0.3,-0.82,-1.02,-0.04
T,F,1.87,1.04,1.28,-0.61,-0.16,-0.04,-0.3,-0.82,-1.02,-0.04
T,N,-0.7,-0.63,-1.47,1.02,1.06,-0.04,-0.3,-0.82,-1.02,-0.04
T,H,0.73,-0.67,-0.42,1.13,0.99,-0.04,-0.3,-0.82,-1.02,-0.04
T,L,0.65,0.84,1.25,-0.99,-1.9,-0.04,-0.3,-0.82,-1.02,-0.04
V,S,-0.39,-0.27,-1.51,-0.25,0.31,-0.02,0.3,0.97,-1.55,-1.16
V,T,-0.04,-0.3,-0.82,-1.02,-0.04,-0.02,0.3,0.97,-1.55,-1.16
V,E,-0.64,-1.59,-0.39,0.69,1.04,-0.02,0.3,0.97,-1.55,-1.16
V,Q,-0.05,-1.5,-0.67,0.49,0.21,-0.02,0.3,0.97,-1.55,-1.16
V,C,0.07,2.04,0.65,-1.13,-0.39,-0.02,0.3,0.97,-1.55,-1.16
V,R,-0.4,-0.83,-0.61,1.26,-0.28,-0.02,0.3,0.97,-1.55,-1.16
V,N,-0.7,-0.63,-1.47,1.02,1.06,-0.02,0.3,0.97,-1.55,-1.16
V,A,-0.57,0.39,-0.96,-0.61,-0.69,-0.02,0.3,0.97,-1.55,-1.16
V,L,0.65,0.84,1.25,-0.99,-1.9,-0.02,0.3,0.97,-1.55,-1.16
V,G,-0.9,0.87,-0.36,1.08,1.95,-0.02,0.3,0.97,-1.55,-1.16
V,I,0.59,0.79,1.44,-1.9,-0.93,-0.02,0.3,0.97,-1.55,-1.16
V,W,1.38,1.69,1.91,1.07,-0.05,-0.02,0.3,0.97,-1.55,-1.16
V,P,-1.82,-0.63,0.32,0.03,0.68,-0.02,0.3,0.97,-1.55,-1.16
V,F,1.87,1.04,1.28,-0.61,-0.16,-0.02,0.3,0.97,-1.55,-1.16
V,M,0.76,0.05,0.06,-0.62,-1.59,-0.02,0.3,0.97,-1.55,-1.16
V,D,-1.62,-0.52,-0.67,1.02,1.47,-0.02,0.3,0.97,-1.55,-1.16
V,K,-0.64,-1.19,-0.65,0.68,-0.13,-0.02,0.3,0.97,-1.55,-1.16
V,Y,1.75,0.11,0.65,0.21,-0.41,-0.02,0.3,0.97,-1.55,-1.16
V,H,0.73,-0.67,-0.42,1.13,0.99,-0.02,0.3,0.97,-1.55,-1.16
W,L,0.65,0.84,1.25,-0.99,-1.9,1.38,1.69,1.91,1.07,-0.05
W,S,-0.39,-0.27,-1.51,-0.25,0.31,1.38,1.69,1.91,1.07,-0.05
W,Q,-0.05,-1.5,-0.67,0.49,0.21,1.38,1.69,1.91,1.07,-0.05
W,V,-0.02,0.3,0.97,-1.55,-1.16,1.38,1.69,1.91,1.07,-0.05
W,P,-1.82,-0.63,0.32,0.03,0.68,1.38,1.69,1.91,1.07,-0.05
W,I,0.59,0.79,1.44,-1.9,-0.93,1.38,1.69,1.91,1.07,-0.05
W,E,-0.64,-1.59,-0.39,0.69,1.04,1.38,1.69,1.91,1.07,-0.05
W,K,-0.64,-1.19,-0.65,0.68,-0.13,1.38,1.69,1.91,1.07,-0.05
W,C,0.07,2.04,0.65,-1.13,-0.39,1.38,1.69,1.91,1.07,-0.05
W,M,0.76,0.05,0.06,-0.62,-1.59,1.38,1.69,1.91,1.07,-0.05
W,D,-1.62,-0.52,-0.67,1.02,1.47,1.38,1.69,1.91,1.07,-0.05
W,T,-0.04,-0.3,-0.82,-1.02,-0.04,1.38,1.69,1.91,1.07,-0.05
W,F,1.87,1.04,1.28,-0.61,-0.16,1.38,1.69,1.91,1.07,-0.05
W,R,-0.4,-0.83,-0.61,1.26,-0.28,1.38,1.69,1.91,1.07,-0.05
W,G,-0.9,0.87,-0.36,1.08,1.95,1.38,1.69,1.91,1.07,-0.05
W,A,-0.57,0.39,-0.96,-0.61,-0.69,1.38,1.69,1.91,1.07,-0.05
W,Y,1.75,0.11,0.65,0.21,-0.41,1.38,1.69,1.91,1.07,-0.05
W,H,0.73,-0.67,-0.42,1.13,0.99,1.38,1.69,1.91,1.07,-0.05
W,N,-0.7,-0.63,-1.47,1.02,1.06,1.38,1.69,1.91,1.07,-0.05
Y,W,1.38,1.69,1.91,1.07,-0.05,1.75,0.11,0.65,0.21,-0.41
Y,G,-0.9,0.87,-0.36,1.08,1.95,1.75,0.11,0.65,0.21,-0.41
Y,V,-0.02,0.3,0.97,-1.55,-1.16,1.75,0.11,0.65,0.21,-0.41
Y,Q,-0.05,-1.5,-0.67,0.49,0.21,1.75,0.11,0.65,0.21,-0.41
Y,C,0.07,2.04,0.65,-1.13,-0.39,1.75,0.11,0.65,0.21,-0.41
Y,S,-0.39,-0.27,-1.51,-0.25,0.31,1.75,0.11,0.65,0.21,-0.41
Y,E,-0.64,-1.59,-0.39,0.69,1.04,1.75,0.11,0.65,0.21,-0.41
Y,T,-0.04,-0.3,-0.82,-1.02,-0.04,1.75,0.11,0.65,0.21,-0.41
Y,L,0.65,0.84,1.25,-0.99,-1.9,1.75,0.11,0.65,0.21,-0.41
Y,R,-0.4,-0.83,-0.61,1.26,-0.28,1.75,0.11,0.65,0.21,-0.41
Y,N,-0.7,-0.63,-1.47,1.02,1.06,1.75,0.11,0.65,0.21,-0.41
Y,A,-0.57,0.39,-0.96,-0.61,-0.69,1.75,0.11,0.65,0.21,-0.41
Y,P,-1.82,-0.63,0.32,0.03,0.68,1.75,0.11,0.65,0.21,-0.41
Y,F,1.87,1.04,1.28,-0.61,-0.16,1.75,0.11,0.65,0.21,-0.41
Y,I,0.59,0.79,1.44,-1.9,-0.93,1.75,0.11,0.65,0.21,-0.41
Y,H,0.73,-0.67,-0.42,1.13,0.99,1.75,0.11,0.65,0.21,-0.41
Y,K,-0.64,-1.19,-0.65,0.68,-0.13,1.75,0.11,0.65,0.21,-0.41
Y,M,0.76,0.05,0.06,-0.62,-1.59,1.75,0.11,0.65,0.21,-0.41
Y,D,-1.62,-0.52,-0.67,1.02,1.47,1.75,0.11,0.65,0.21,-0.41
