aa1,aa2,aa_hphob_pca1,aa_hphob_pca2,aa_hphob_pca3
W,A,-5.654117119803045,-7.151365064825798,6.939433446884997
P,A,2.274612282365281,0.777364337342859,3.2713945700516978
R,A,9.499941919722483,8.002693974700295,6.768186052907962
M,A,-4.663104877059898,-6.160352822082567,2.7535451880131663
T,A,2.477039625401554,0.9797916803791642,1.0181369721148321
K,A,8.761835949808658,7.26458800478647,4.633689005584342
C,A,-5.777326914168673,-7.274574859191372,1.3719400165426445
Q,A,6.712079018517815,5.214831073495578,2.85924777549269
H,A,2.9053620112174436,1.4081140661950373,4.074646666338009
N,A,6.383142408976293,4.885894463954038,2.625943769282415
F,A,-7.073373522185017,-8.57062146720781,5.133406881752179
L,A,-6.5310503276601075,-8.028298272682855,3.190130957773643
D,A,7.7419898230769055,6.2447418780547,2.943972443387823
Y,A,-1.5698340353969342,-3.067081980419535,6.295375868888729
I,A,-7.7647844646884066,-9.262032409711209,3.156700091521516
V,A,-5.831343377152065,-7.328591322174766,1.923828310090128
G,A,1.720382614827124,0.22313466980473462,-1.4153399879917905
S,A,3.7845014369369747,2.28725349191464,0.5042514488863162
E,A,7.576526997488414,6.0792790524662035,3.119471865195131
A,C,5.777326914168944,-7.274574859191136,-1.371940016542757
Y,C,4.2074928787719825,-8.844408894588232,4.923435852345982
V,C,-0.05401646298314032,-13.105918236343463,0.5518882935473829
G,C,7.497709528996042,-5.554192244363956,-2.7872800045345336
S,C,9.5618283511059,-3.4900734222540506,-0.8676885676564302
E,C,13.353853911657337,0.3019521382975106,1.747531848652385
Q,C,12.489405932686742,-0.5624958406731153,1.4873077589499442
L,C,-0.7537234134911818,-13.805625186851547,1.818190941230897
W,C,0.12320979436587826,-12.928691978994495,5.567493430342255
N,C,12.16046932314522,-0.8914324502146548,1.2540037527396697
T,C,8.254366539570475,-4.797535233789525,-0.3538030444279138
P,C,8.0519391965342,-4.999962576825831,1.8994545535089518
R,C,15.277268833891403,2.225367060531604,5.39624603636522
I,C,-1.987457550519483,-15.039359323879896,1.7847600749787704
H,C,8.682688925386367,-4.369212847973654,2.7027066497952634
K,C,14.539162863977579,1.4872610906177748,3.261748989041597
F,C,-1.2960466080160906,-14.347948381376499,3.7614668652094343
M,C,1.1142220371090232,-11.937679736251264,1.3816051714704203
D,C,13.519316737245832,0.4674149638860058,1.5720324268450767
Q,D,-1.0299108045593555,12.956820896572474,-0.08472466789501938
V,D,-13.573333200229232,0.4133985009021288,-1.0201441332975802
L,D,-14.27304015073727,-0.2863084496059564,0.2461585143859329
A,D,-7.741989823077151,6.244741878054458,-2.943972443387723
N,D,-1.358847414100879,12.627884287030934,-0.3180286741052943
C,D,-13.51931673724584,0.46741496388552345,-1.572032426845064
P,D,-5.467377540711895,8.51935416041976,0.3274221266639878
S,D,-3.9574883861402017,10.029243314991538,-2.439720994501394
I,D,-15.506774287765573,-1.5200425866343026,0.2127276481338064
Y,D,-9.311823858474112,4.674907842657365,3.3514034255010148
K,D,1.0198461267314796,15.006577827863374,1.6897165621966324
G,D,-6.021607208250052,7.965124492881636,-4.359312431379497
M,D,-12.405094700137067,1.5816370009943292,-0.19042725537454375
E,D,-0.16546282558875725,13.821268875543105,0.17549942180742095
T,D,-5.264950197675621,8.721781503456064,-1.9258354712728771
F,D,-14.81536334526218,-0.8286316441309083,2.189434438364468
W,D,-13.396106942880213,0.590624758251096,3.9954610034972924
H,D,-4.8366278118597315,9.150103889271938,1.1306742229502997
R,D,1.7579520966453057,15.744683797777205,3.8242136095202555
Q,E,-0.8644479789708608,12.791358070983986,-0.26022408970233063
K,E,1.1853089523199762,14.841115002274888,1.514217140389322
R,E,1.9234149222338024,15.579220972188718,3.648714187712948
I,E,-15.341311462177083,-1.6855054122227924,0.037228226326495265
A,E,-7.57652699748865,6.079279052465971,-3.1194718651950306
Y,E,-9.146361032885615,4.5094450170688765,3.175904003693709
V,E,-13.407870374640739,0.24793567531363778,-1.1956435551048914
G,E,-5.8561443826615545,7.799661667293151,-4.534811853186814
S,E,-3.792025560551706,9.86378048940305,-2.6152204163087025
N,E,-1.1933845885123835,12.462421461442448,-0.49352809591260505
C,E,-13.353853911657348,0.3019521382970324,-1.7475318486523752
L,E,-14.10757732514878,-0.45177127519444743,0.07065909257862181
W,E,-13.23064411729172,0.425161932662606,3.8199615816899803
M,E,-12.239631874548575,1.4161741754058377,-0.36592667718185456
T,E,-5.099487372087125,8.55631867786758,-2.1013348930801876
P,E,-5.301914715123398,8.353891334831275,0.15192270485667678
D,E,0.16546282558822806,13.821268875543115,-0.17549942180719807
H,E,-4.671164986271236,8.984641063683451,0.9551748011429892
F,E,-14.649900519673688,-0.9940944697193972,2.0139350165571597
S,F,10.857874959122285,-4.7861200302703715,-4.62915543286599
Q,F,13.785452540703133,-1.85854244868944,-2.2741591062596176
R,F,16.5733154419078,0.929320452515285,1.6347791711556598
A,F,7.073373522185339,-8.570621467207454,-5.13340688175232
N,F,13.45651593116161,-2.187479058230979,-2.507463112469892
V,F,1.2420301450332514,-14.40196484435978,-3.209578571662177
L,F,0.5423231945252094,-15.101671794867862,-1.9432759239786668
E,F,14.649900519673734,-0.994094469718814,-2.0139350165571788
I,F,-0.6914109425030944,-16.335405931896208,-1.9767067902307933
C,F,1.2960466080166433,-14.347948381376385,-3.7614668652096612
P,F,9.347985804550593,-6.296009184842154,-1.8620123117006113
D,F,14.815363345262226,-0.8286316441303178,-2.189434438364486
M,F,2.4102686451254187,-13.23372634426758,-2.3798616937391417
Y,F,5.503539486788377,-10.140455502604539,1.1619689871364225
K,F,15.83520947199397,0.19121448260145285,-0.49971787616796604
G,F,8.793756137012432,-6.8502388523802775,-6.5487468697440985
W,F,1.419256402382271,-14.224738587010812,1.8060265651326965
H,F,9.978735533402752,-5.665259455989974,-1.0587602154142997
T,F,9.550413147586866,-6.0935818418058485,-4.1152699096374725
K,G,7.041453334981493,8.984970619613557,6.049028993576146
S,G,2.06411882210981,4.00763610674173,1.9195914368781224
M,G,-6.383487491887057,-4.43997020725548,4.168885176004969
Q,G,4.991696403690656,6.935213688322664,4.274587763484493
T,G,0.7566570105743894,2.700174295206255,2.433476960106637
L,G,-8.251432942487265,-6.307915657855764,4.605470945765446
R,G,7.779559304895316,9.723076589527388,8.183526040899773
I,G,-9.485167079515568,-7.541649794884109,4.572040079513319
A,G,-1.720382614827139,0.2231346698046458,1.4153399879917943
Y,G,-3.2902166502240977,-1.346699365592444,7.710715856880535
V,G,-7.5517259919792235,-5.608208707347679,3.3391682980819315
P,G,0.5542296675381163,2.4977469521699502,4.686734558043501
E,G,5.856144382661255,7.7996616672932895,4.534811853186934
N,G,4.662759794149134,6.606277078781125,4.0412837572742175
C,G,-7.4977095289958315,-5.554192244364285,2.7872800045344492
W,G,-7.374499734630204,-5.430982449998712,8.35477343487681
F,G,-8.793756137012172,-6.850238852380715,6.548746869743984
D,G,6.021607208249747,7.965124492881784,4.359312431379625
H,G,1.1849793963902782,3.1284966810221277,5.489986654329811
V,H,-8.736705388369586,-4.423229310957328,-2.1508183562478456
S,H,0.8791394257194483,5.192615503132082,-3.5703952174516584
Q,H,3.8067170073002923,8.120193084713014,-1.2153988908452844
R,H,6.594579908504949,10.908055985917732,2.6935393865699915
T,H,-0.4283223858159718,3.8851536915966043,-3.0565096942231427
G,H,-1.1849793963904005,3.1284966810221753,-5.489986654329762
L,H,-9.436412338877627,-5.122936261465413,-0.8845157085643317
A,H,-2.9053620112175023,1.408114066194997,-4.074646666337986
N,H,3.477780397758769,7.791256475171476,-1.4487028970555584
C,H,-8.682688925386195,-4.369212847973934,-2.702706649795331
P,H,-0.6307497288522446,3.6827263485602986,-0.8032520962862768
E,H,4.671164986270892,8.984641063683636,-0.9551748011428438
I,H,-10.670146475905936,-6.356670398493765,-0.9179465748164582
F,H,-9.978735533402542,-5.665259455990364,1.0587602154142057
K,H,5.8564739385911295,10.169950016003904,0.5590423392463677
D,H,4.836627811859383,9.150103889272131,-1.1306742229501519
M,H,-7.56846688827742,-3.2549908108651304,-1.321101478324808
Y,H,-4.47519604661446,-0.16171996920209306,2.2207292025507535
W,H,-8.559479131020566,-4.246003053608361,2.8647867805470266
V,I,1.9334410875366745,-15.09337578686318,-1.2328717814315229
P,I,10.039396747054012,-6.987420127345563,0.11469447853004669
M,I,3.101679587628838,-13.925137286770983,-0.40315490350848493
Q,I,14.47686348320655,-2.5499533911928465,-0.2974523160289606
K,I,16.526620414497383,-0.5001964599019568,1.4769889140626908
S,I,11.54928590162571,-5.477530972773782,-2.652448642635332
W,I,2.1106673448856936,-14.916149529514215,3.7827333553633524
N,I,14.147926873665028,-2.8788900007343843,-0.5307563222392352
T,I,10.241824090090287,-6.7849927843092575,-2.138563119406818
L,I,1.2337341370286325,-15.793082737371266,0.033430866251991646
R,I,17.264726384411208,0.23790951001187513,3.6114859613863173
G,I,9.485167079515858,-7.5416497948836865,-4.572040079513445
Y,I,6.1949504292918,-10.831866445107954,3.1386757773670793
A,I,7.76478446468876,-9.262032409710859,-3.1567000915216603
C,I,1.9874575505200656,-15.039359323879786,-1.7847600749790065
E,I,15.341311462177146,-1.6855054122222206,-0.03722822632652049
F,I,0.6914109425037226,-16.335405931896222,1.9767067902305289
H,I,10.670146475906176,-6.356670398493385,0.9179465748163586
D,I,15.506774287765637,-1.520042586633724,-0.21272764813382797
A,K,-8.761835949808935,7.264588004786212,-4.633689005584223
V,K,-14.593179326961012,1.433244627633886,-2.709860695494084
S,K,-4.977334512871986,11.049089441723302,-4.129437556697895
Q,K,-2.04975693129114,13.976667023304236,-1.7744412300915224
W,K,-14.415953069611993,1.6104708849828524,2.305744441300788
I,K,-16.526620414497355,-0.5001964599025499,-1.4769889140626964
T,K,-6.2847963244074085,9.741627630187827,-3.6155520334693816
R,K,0.7381059699135218,16.764529924508953,2.134497047323753
E,K,-1.185308952320543,14.841115002274861,-1.5142171403890818
Y,K,-10.331669985205897,5.694753969389123,1.6616868633045154
G,K,-7.0414533349818385,8.984970619613396,-6.049028993575998
L,K,-15.292886277469057,0.7335376771258009,-1.4435580478105698
H,K,-5.856473938591519,10.1699500160037,-0.5590423392462031
N,K,-2.378693540832661,13.647730413762696,-2.0077452363017967
C,K,-14.539162863977621,1.48726109061728,-3.261748989041569
P,K,-6.487223667443682,9.539200287151521,-1.3622944355325146
D,K,-1.0198461267320522,15.006577827863358,-1.6897165621963899
M,K,-13.42494082686885,2.6014831277260853,-1.8801438175710465
F,K,-15.835209471993965,0.19121448260084947,0.49971787616796826
V,L,0.6997069505083269,-13.859641649834883,-1.26630264768363
I,L,-1.233734137028018,-15.793082737371316,-0.0334308662522431
S,L,10.31555176459736,-4.243796835745471,-2.6858795088874414
A,L,6.531050327660411,-8.02829827268256,-3.190130957773769
Q,L,13.2431293461782,-1.3162192541645423,-0.3308831822810692
P,L,8.805662610025665,-5.7536859903172575,0.08126361227793838
R,L,16.030992247382855,1.4716436470401788,3.5780550951342085
M,L,1.8679454506004882,-12.691403149742687,-0.43658576976059327
K,L,15.292886277469028,0.7335376771263477,1.443558047810583
C,L,0.7537234134917183,-13.805625186851488,-1.8181909412311146
F,L,-0.5423231945246274,-15.10167179486792,1.9432759239784214
W,L,0.8769332078573447,-13.682415392485916,3.749302489111243
N,L,12.91419273663668,-1.6451558637060806,-0.5641871884913434
T,L,9.00808995306194,-5.551258647280952,-2.171993985658926
D,L,14.273040150737286,-0.2863084496054207,-0.24615851438593642
Y,L,4.961216292263449,-9.598132308079649,3.1052449111149705
G,L,8.251432942487511,-6.307915657855381,-4.605470945765552
E,L,14.107577325148796,-0.45177127519391713,-0.07065909257862868
H,L,9.43641233887783,-5.12293626146508,0.8845157085642492
Q,M,11.375183895577914,0.5517261964356688,0.10570258747943824
R,M,14.163046796782583,3.339589097640393,4.014640864894714
A,M,4.663104877060126,-6.16035282208235,-2.753545188013263
V,M,-1.1682385000919635,-11.991696199234681,-0.829716877923123
S,M,8.447606313997076,-2.375851385145266,-2.249293739126935
K,M,13.424940826868756,2.601483127726561,1.8801438175710905
C,M,-1.1142220371085712,-11.937679736251287,-1.3816051714706066
W,M,-0.9910122427429435,-11.814469941885712,4.18588825887175
L,M,-1.8679454506000028,-12.691403149742772,0.4365857697603906
T,M,7.1401445024616566,-3.6833131966807393,-1.7354082158984199
G,M,6.383487491887225,-4.439970207255171,-4.1688851760050385
I,M,-3.1016795876283054,-13.92513728677112,0.40315490350826405
E,M,12.239631874548516,1.4161741754062953,0.3659266771818785
Y,M,3.093270841663165,-7.730186857479441,3.5418306808754765
F,M,-2.4102686451249125,-13.233726344267723,2.379861693738928
P,M,6.937717159425384,-3.885740539717046,0.5178493820384455
H,M,7.5684668882775465,-3.2549908108648666,1.3211014783247572
N,M,11.046247286036392,0.22278958689412864,-0.1276014187308367
D,M,12.40509470013701,1.5816370009947913,0.19042725537457067
L,N,-12.914192736636624,-1.6451558637065702,0.5641871884913159
V,N,-12.214485786128579,-0.9454489131984863,-0.7021154591921976
S,N,-2.5986409720395347,8.670395900890925,-2.12169232039601
K,N,2.3786935408321463,13.647730413762748,2.007745236302017
Q,N,0.3289366095413114,11.597973482471854,0.2333040062103633
I,N,-14.147926873664927,-2.878890000734921,0.5307563222391893
R,N,3.1167995107459725,14.385836383676578,4.142242283625639
A,N,-6.383142408976485,4.8858944639538375,-2.6259437692823377
T,N,-3.9061027835749558,7.362934089355447,-1.6078067971674934
P,N,-4.108530126611229,7.1605067463191405,0.6454508007693704
M,N,-11.046247286036412,0.22278958689371087,0.1276014187308393
E,N,1.1933845885119085,12.462421461442483,0.49352809591280367
H,N,-3.4777803977590658,7.79125647517132,1.448702897055683
C,N,-12.160469323145188,-0.8914324502150918,-1.2540037527396812
W,N,-12.037259528779558,-0.7682226558495192,4.313489677602676
F,N,-13.456515931161535,-2.1874790582315224,2.5074631124698525
D,N,1.3588474141003992,12.627884287030978,0.31802867410549585
Y,N,-7.952976444373445,3.31606042855675,3.6694320996064014
G,N,-4.6627597941493875,6.606277078781017,-4.041283757274113
Q,P,4.437466736152483,7.489443355860845,-0.4121467945589864
S,P,1.5098891545716386,4.561865774279913,-2.76714312116536
T,P,0.202427343036216,3.254403962744436,-2.2532575979368445
R,P,7.225329637357148,10.27730625706556,3.496791482856289
A,P,-2.274612282365311,0.7773643373428278,-3.271394570051687
V,P,-8.1059556595174,-5.053979039809499,-1.347566259961548
M,P,-6.9377171594252305,-3.885740539717298,-0.5178493820385102
E,P,5.301914715123082,8.353891334831463,-0.15192270485654624
K,P,6.4872236674433195,9.53920028715173,1.3622944355326656
C,P,-8.051939196534006,-4.999962576826104,-1.8994545535090326
N,P,4.108530126610961,7.160506746319306,-0.6454508007692606
W,P,-7.928729402168377,-4.876752782460531,3.668038876833325
H,P,0.6307497288521056,3.6827263485603092,0.8032520962863318
L,P,-8.805662610025436,-5.7536859903175825,-0.08126361227803408
G,P,-0.554229667538213,2.497746952170007,-4.686734558043463
I,P,-10.039396747053738,-6.987420127345932,-0.11469447853016079
D,P,5.467377540711573,8.519354160419958,-0.32742212666385384
Y,P,-3.84444631776227,-0.7924696980542618,3.0239812988370525
F,P,-9.347985804550344,-6.296009184842535,1.8620123117005036
V,Q,-12.543422395670113,-0.6165123036569533,-0.9354194654024662
N,Q,-0.3289366095417537,11.597973482471843,-0.23330400621017938
S,Q,-2.9275775815810756,8.999332510432456,-2.3549963266062783
L,Q,-13.243129346178158,-1.3162192541650397,0.3308831822810473
C,Q,-12.48940593268672,-0.5624958406735596,-1.4873077589499502
I,Q,-14.47686348320646,-2.5499533911933847,0.29745231602892064
W,Q,-12.366196138321094,-0.43928604630798773,4.080185671392405
K,Q,2.049756931290607,13.976667023304271,1.7744412300917471
T,Q,-4.235039393116495,7.691870698896977,-1.841110803377762
M,Q,-11.375183895577948,0.5517261964352458,-0.10570258747942915
R,Q,2.7878629012044347,14.714772993218102,3.908938277415369
A,Q,-6.7120790185180255,5.21483107349537,-2.8592477754926056
P,Q,-4.437466736152769,7.489443355860672,0.41214679455910214
G,Q,-4.9916964036909235,6.93521368832255,-4.274587763484389
E,Q,0.8644479789703683,12.791358070984005,0.2602240897025349
F,Q,-13.785452540703066,-1.8585424486899897,2.2741591062595847
H,Q,-3.806717007300605,8.12019308471285,1.2153988908454139
Y,Q,-8.281913053914984,3.6449970380982784,3.436128093396134
D,Q,1.0299108045588607,12.9568208965725,0.08472466789522726
V,R,-15.331285296874878,2.171350597547723,-4.844357742817695
S,R,-5.715440482785836,11.787195411637141,-6.263934604021507
E,R,-1.9234149222343953,15.5792209721887,-3.6487141877126956
W,R,-15.15405903952586,2.3485768548966903,0.1712473939771783
T,R,-7.022902294321255,10.479733600101662,-5.750049080792992
L,R,-16.03099224738292,1.4716436470396381,-3.5780550951341836
Q,R,-2.7878629012049934,14.714772993218075,-3.9089382774151358
Y,R,-11.069775955119754,6.43285993930296,-0.4728101840190951
A,R,-9.49994191972279,8.002693974700048,-6.7681860529078355
P,R,-7.225329637357527,10.277306257065355,-3.496791482856128
G,R,-7.7795593048956855,9.723076589527233,-8.183526040899617
M,R,-14.163046796782716,3.3395890976399207,-4.01464086489466
N,R,-3.1167995107465143,14.385836383676535,-4.14224228362541
K,R,-0.7381059699141568,16.76452992450896,-2.134497047323482
C,R,-15.277268833891485,2.2253670605311173,-5.396246036365179
I,R,-17.264726384411212,0.23790951001128754,-3.6114859613863097
H,R,-6.594579908505366,10.908055985917537,-2.693539386569815
F,R,-16.573315441907827,0.9293204525146856,-1.6347791711556443
D,R,-1.7579520966459037,15.744683797777197,-3.824213609520003
C,S,-9.561828351105758,-3.4900734222544285,0.8676885676563769
L,S,-10.315551764597192,-4.243796835745908,2.685879508887375
Q,S,2.92757758158073,8.999332510432522,2.354996326606422
A,S,-3.7845014369370644,2.287253491914506,-0.5042514488862785
P,S,-1.5098891545718103,4.561865774279807,2.76714312116543
V,S,-9.61584481408915,-3.544089885237823,1.4195768612038606
N,S,2.5986409720392074,8.670395900890984,2.121692320396147
E,S,3.7920255605513287,9.863780489403153,2.615220416308863
K,S,4.977334512871566,11.049089441723424,4.129437556698074
T,S,-1.307461811535537,4.764293117316114,0.5138855232285647
I,S,-11.549285901625495,-5.477530972774253,2.6524486426352483
W,S,-9.438618556740131,-3.366863627888856,6.435181997998731
R,S,5.715440482785392,11.787195411637255,6.263934604021696
Y,S,-5.354335472334028,0.7174194565174152,5.791124420002458
M,S,-8.447606313996983,-2.3758513851456247,2.2492937391268972
D,S,3.9574883861398202,10.029243314991648,2.4397209945015548
H,S,-0.8791394257196475,5.192615503131987,3.570395217451741
G,S,-2.064118822109966,4.007636106741682,-1.9195914368780573
F,S,-10.8578749591221,-4.786120030270859,4.629155432865909
Q,T,4.235039393116198,7.691870698897098,1.8411108033778842
V,T,-8.308383002553684,-4.851551696773244,0.9056913379753229
I,T,-10.241824090090036,-6.784992784309678,2.13856311940671
M,T,-7.140144502461515,-3.68331319668104,1.7354082158983601
C,T,-8.254366539570292,-4.79753523378985,0.3538030444278396
S,T,1.307461811535354,4.764293117316168,-0.5138855232284877
W,T,-8.131156745204663,-4.674325439424278,5.921296474770196
K,T,6.284796324407035,9.741627630187999,3.615552033469538
Y,T,-4.046873660798554,-0.5900423550180022,5.277238896773925
R,T,7.022902294320861,10.479733600101829,5.750049080793163
D,T,5.264950197675288,8.721781503456226,1.9258354712730166
A,T,-2.4770396254015945,0.9797916803790888,-1.0181369721148157
E,T,5.099487372086797,8.55631867786773,2.1013348930803244
P,T,-0.2024273430363403,3.254403962744393,2.2532575979368916
G,T,-0.7566570105744963,2.7001742952062684,-2.4334769601065953
F,T,-9.550413147586644,-6.09358184180628,4.115269909637377
N,T,3.906102783574676,7.36293408935556,1.6078067971676098
H,T,0.42832238581582277,3.88515369159657,3.056509694223205
L,T,-9.008089953061733,-5.55125864728133,2.1719939856588364
S,V,9.615844814089288,-3.5440898852374363,-1.419576861203916
T,V,8.308383002553866,-4.851551696772914,-0.9056913379754001
E,V,13.407870374640739,0.24793567531412325,1.1956435551048983
Q,V,12.54342239567014,-0.6165123036565043,0.9354194654024579
C,V,0.054016462983642474,-13.105918236343449,-0.5518882935475877
R,V,15.331285296874798,2.171350597548216,4.844357742817737
N,V,12.214485786128616,-0.9454489131980421,0.7021154591921834
A,V,5.831343377152336,-7.328591322174523,-1.9238283100902438
L,V,-0.6997069505077929,-13.859641649834924,1.2663026476834107
G,V,7.551725991979433,-5.608208707347342,-3.339168298082023
I,V,-1.9334410875360946,-15.093375786863273,1.2328717814312837
W,V,0.17722625734926853,-12.982708441977874,5.015605136794771
P,V,8.10595565951759,-5.053979039809218,1.3475662599614655
F,V,-1.2420301450327031,-14.401964844359874,3.209578571661946
M,V,1.1682385000924163,-11.991696199234646,0.8297168779229338
D,V,13.57333320022923,0.4133985009026182,1.0201441332975907
K,V,14.593179326960973,1.4332446276343869,2.7098606954941076
Y,V,4.261509341755375,-8.898425357571616,4.371547558798496
H,V,8.736705388369751,-4.423229310957042,2.1508183562477754
L,W,-0.8769332078568137,-13.68241539248588,-3.749302489111465
S,W,9.438618556740265,-3.366863627888394,-6.435181997998791
Q,W,12.366196138321115,-0.43928604630745965,-4.080185671392417
V,W,-0.17722625734877223,-12.982708441977795,-5.01560513679498
P,W,7.9287294021685755,-4.876752782460174,-3.668038876833409
I,W,-2.1106673448851136,-14.91614952951423,-3.782733355363591
E,W,13.230644117291714,0.425161932663166,-3.819961581689977
K,W,14.415953069611957,1.6104708849834313,-2.305744441300766
C,W,-0.12320979436538032,-12.9286919789944,-5.567493430342464
M,W,0.9910122427433949,-11.8144699418856,-4.185888258871943
D,W,13.396106942880206,0.5906247582516617,-3.9954610034972844
T,W,8.131156745204848,-4.6743254394238685,-5.921296474770275
F,W,-1.4192564023817242,-14.224738587010833,-1.8060265651329273
R,W,15.154059039525784,2.348576854897259,-0.17124739397713934
G,W,7.374499734630418,-5.4309824499982975,-8.354773434876895
A,W,5.6541171198033195,-7.151365064825476,-6.939433446885119
Y,W,4.084283084406357,-8.721199100222568,-0.6440575779963772
H,W,8.559479131020735,-4.246003053607996,-2.864786780547098
N,W,12.03725952877959,-0.7682226558489971,-4.313489677602694
W,Y,-4.0842830844060165,-8.721199100222725,0.6440575779962372
G,Y,3.290216650224148,-1.34669936559219,-7.710715856880559
V,Y,-4.261509341755036,-8.898425357571693,-4.371547558798637
Q,Y,8.281913053914845,3.644997038098652,-3.4361280933960785
C,Y,-4.207492878771644,-8.844408894588298,-4.923435852346122
S,Y,5.354335472333999,0.7174194565177175,-5.791124420002451
E,Y,9.146361032885443,4.5094450170692815,-3.1759040036936383
T,Y,4.046873660798578,-0.5900423550177613,-5.277238896773935
L,Y,-4.961216292263079,-9.59813230807978,-3.1052449111151263
R,Y,11.069775955119509,6.432859939303377,0.47281018401920183
N,Y,7.952976444373322,3.3160604285571122,-3.669432099606352
A,Y,1.569834035397051,-3.06708198041937,-6.2953758688887795
P,Y,3.8444463177623054,-0.7924696980540668,-3.0239812988370707
F,Y,-5.5035394867879885,-10.140455502604732,-1.161968987136586
I,Y,-6.194950429291384,-10.83186644510813,-3.1386757773672525
H,Y,4.475196046614467,-0.16171996920188825,-2.220729202550758
K,Y,10.331669985205682,5.694753969389548,-1.6616868633044242
M,Y,-3.093270841662871,-7.730186857479489,-3.541830680875602
D,Y,9.311823858473936,4.6749078426577775,-3.351403425500946
